date,id,login_souhait,prénom,nom,email,telephone,objet,message,adresse_IP
"2017-04-06 20:19:58",7,,Dom,DOMDUF,minique.duf@gmail.com,0663342821,contact,dfdfggh,"Post: ::1<br/>Verification:<br/>::1"
"2017-04-06 20:20:04",8,,Dom,DOMDUF,minique.duf@gmail.com,0663342821,contact,dfdfggh,"Post: ::1<br/>Verification:<br/>::1"
"2017-04-06 20:22:16",9,,Dom,DOMDUF,minique.duf@gmail.com,0663342821,information,coucou,"Post: ::1<br/>Verification:<br/>::1"
"2017-04-06 20:23:53",10,,Dom,SALUT,minique.duf@gmail.com,0663342821,contact,"c'est un message","Post: ::1<br/>Verification:<br/>::1"
"2017-04-12 21:07:42",11,,Dom,DOMDUF,minique.duf@gmail.com,0663342821,contact,"ce serait super","Post: ::1<br/>Verification:<br/>::1"
"2017-04-12 21:08:40",12,,Dom,DOMDUF,minique.duf@gmail.com,0663342821,contact,"oh oui cool","Post: ::1<br/>Verification:<br/>::1"
"2017-04-12 21:59:20",13,,Dom,DOMDUF,minique.duf@gmail.com,0663342821,contact,fddfdf,"Post: ::1<br/>Verification:<br/>::1"
"2017-04-12 22:00:03",14,,Dom,DOMDUF,minique.duf@gmail.com,0663342821,information,srer,"Post: ::1<br/>Verification:<br/>::1"
"2017-04-13 12:43:53",15,dommEquipe,Dom,TOTO,minique.duf@gmail.com,0663342821,contact,"salut comment &ccedil;a va ?","Post: ::1<br/>Verification:<br/>::1"
"2017-04-13 21:11:07",16,jacqu-DUGLAND,Jacques,DUGLAND,jacqu.duf@gmail.com,0663342821,contact,"ce serait cool","Post: ::1<br/>Verification:<br/>::1"
"2017-04-13 22:27:56",17,Lastatue-gerbe,Charles,INCONNU,le.soldat@inconnu.fr,0123456789,contact,"&ccedil;a m'&eacute;vite les questions","Post: ::1<br/>Verification:<br/>::1"
"2017-04-16 20:39:22",18,"de selection",de_selection,TEST,la.selection@com.fr,0663342821,contact,"&ccedil;a marche ?","Post: ::1<br/>Verification:<br/>::1"
